accuracy,precision,recall,f1_macro,f1_weighted,training_time,n_train,n_test,train_subjects,test_subjects,model
0.8082420200095284,0.81492679413725,0.8082420200095284,0.8206468106179011,0.8091074941027443,5.649976015090942,19970,4198,"S20,S19,S15,S9,S12,S1,S6,S14,S2,S8,S11,S13,S7,S10,S3,S17","S5,S18,S4,S16",Random Forest
0.8072891853263459,0.8121574947041089,0.8072891853263459,0.8196758413444147,0.8080100991345879,0.895582914352417,19970,4198,"S20,S19,S15,S9,S12,S1,S6,S14,S2,S8,S11,S13,S7,S10,S3,S17","S5,S18,S4,S16",SVM
0.7965697951405432,0.800842900282545,0.7965697951405432,0.8101084002452742,0.7976301918355885,0.0037980079650878,19970,4198,"S20,S19,S15,S9,S12,S1,S6,S14,S2,S8,S11,S13,S7,S10,S3,S17","S5,S18,S4,S16",k-NN
