accuracy,f1_macro,f1_weighted,n_train,n_test,train_subjects,test_subjects
0.7965697951405432,0.8101084002452742,0.7976301918355885,19970,4198,"S20,S19,S15,S9,S12,S1,S6,S14,S2,S8,S11,S13,S7,S10,S3,S17","S5,S18,S4,S16"
